Server,HTTPS,Anonymous,Google,Country
103.102.14.172:8080,True,False,False,ID
117.240.28.81:8080,False,False,False,IN
186.225.63.241:8080,False,False,False,BR
46.191.226.105:3128,False,False,False,RU
202.51.181.82:8080,False,False,False,BD
91.217.202.174:8080,True,False,False,RU
178.219.118.156:8080,False,False,False,PL
110.74.203.249:8080,False,False,False,KH
163.172.47.182:3128,True,False,False,FR
103.121.58.235:3128,False,False,False,ID
103.240.161.109:6666,True,True,False,IN
177.46.148.126:3128,False,False,False,BR
62.201.226.186:8080,True,False,False,IQ
190.210.8.69:8080,False,False,False,AR
140.238.28.179:3128,False,False,True,KR
191.252.201.50:3128,False,False,True,BR
103.245.195.177:8080,False,False,False,PK
142.93.151.119:3128,False,False,False,CA
154.127.36.138:8080,True,False,False,BJ
167.179.110.13:3128,True,False,True,JP
61.220.204.25:3128,False,False,False,TW
34.68.180.189:3128,False,False,False,US
183.88.134.65:8080,False,False,False,TH
34.86.94.29:3128,False,False,False,US
202.142.178.98:8080,False,False,False,PK
1.186.40.2:54754,False,False,True,IN
45.76.184.96:8080,True,False,True,SG
5.58.81.19:8080,False,False,True,UA
109.160.76.1:8080,False,False,False,BG
101.109.31.203:8080,False,False,False,TH
114.79.146.137:8080,False,False,False,IN
116.0.54.30:8080,False,False,False,PK
36.73.88.247:8080,True,False,True,ID
165.227.140.6:3128,False,False,False,DE
31.25.138.23:8080,False,False,False,IQ
193.200.151.69:48241,False,False,False,UA
46.101.38.198:3128,False,False,True,GB
83.96.237.121:80,False,False,True,NL
5.59.136.230:8080,False,False,False,RU
79.106.48.44:8080,True,False,False,AL
103.121.224.11:8080,True,False,False,MM
178.214.12.140:8080,True,False,False,PL
177.220.188.213:8080,False,False,False,BR
195.201.150.251:3128,True,False,False,DE
139.180.218.181:3128,False,False,True,SG
103.213.116.145:8080,True,True,False,ID
34.66.105.4:8080,False,False,True,US
159.192.96.254:8080,False,False,False,TH
213.79.122.108:8080,False,False,False,RU
203.192.199.114:8080,True,False,True,IN
201.49.72.226:8080,True,False,False,BR
45.77.3.139:3128,False,False,False,US
144.76.179.71:8080,False,False,False,DE
13.66.249.59:3128,False,False,True,US
45.77.1.237:3128,False,False,False,US
206.189.159.198:3128,True,False,True,SG
190.60.104.218:3128,True,False,True,CO
110.44.118.134:8080,True,False,False,NP
45.63.91.214:3128,True,True,False,US
185.234.72.143:3128,False,False,True,DE
142.147.125.30:8080,False,False,False,US
121.125.54.228:3128,False,False,True,KR
106.0.49.202:8080,False,False,False,ID
217.197.121.35:3128,True,False,True,RU
103.89.152.190:8080,False,False,False,AF
92.46.63.232:3128,False,False,True,KZ
34.198.110.128:3128,False,False,False,US
139.5.31.204:8080,False,False,False,IN
116.17.102.132:3128,False,False,False,CN
85.238.99.133:3128,True,False,True,UA
177.8.179.9:8080,False,False,False,BR
113.212.164.140:8080,True,False,True,ID
177.220.156.42:3128,True,False,True,BR
176.98.20.50:8080,False,False,False,UA
91.93.135.113:8080,True,False,False,TR
96.9.87.111:8080,False,False,False,KH
41.220.114.154:8080,True,False,False,KE
180.183.5.177:8080,False,False,False,TH
109.86.182.203:3128,False,False,False,UA
119.42.125.181:8080,True,False,False,TH
146.120.214.62:8080,False,False,False,PL
91.201.74.62:8080,False,False,False,RU
200.24.130.34:8080,True,False,True,EC
195.98.79.117:8080,False,False,False,RU
79.120.177.106:8080,True,False,True,HU
41.220.135.226:8080,False,False,False,TZ
171.96.83.124:8080,True,False,True,TH
124.107.185.189:3128,False,False,False,PH
103.137.126.98:8080,False,False,False,ID
177.244.28.214:8080,False,False,False,MX
52.53.192.170:3128,False,False,False,US
109.69.0.68:8080,False,False,False,AL
143.255.142.80:8080,True,False,False,PY
14.207.69.29:8080,False,False,False,TH
103.126.217.129:8080,True,False,False,BD
162.223.89.220:8080,False,False,False,US
184.105.17.86:8080,True,False,True,US
36.92.213.25:8080,False,False,False,ID
191.252.177.83:3128,False,False,True,BR
5.9.81.243:3128,True,False,True,DE
36.94.8.23:8080,True,False,True,ID
170.254.148.110:8080,False,False,False,BR
31.146.136.70:8080,False,False,False,GE
177.124.184.52:8080,False,False,False,BR
90.189.116.152:3128,False,False,False,RU
14.207.40.84:8080,False,False,False,TH
91.206.30.218:3128,False,False,False,UA
186.148.131.210:8080,False,False,False,AR
37.29.91.178:8080,False,False,False,RU
154.126.213.34:8080,False,False,False,ZA
149.28.17.159:3128,True,False,True,JP
176.236.120.146:8080,True,False,False,TR
1.20.99.122:8080,False,False,False,TH
92.64.58.74:8080,True,False,True,NL
84.240.207.204:8080,False,False,True,KZ
139.5.152.225:8080,True,True,False,ID
209.126.4.134:3128,True,False,True,US
191.252.205.43:3128,False,False,True,BR
190.248.153.162:8080,False,False,False,CO
1.0.212.118:8080,True,False,True,TH
122.154.72.102:8080,False,False,False,TH
136.243.81.120:8080,True,False,True,DE
46.252.41.178:8080,False,False,True,AL
103.113.197.11:8080,False,False,False,BD
65.182.5.212:8080,False,False,False,US
41.71.24.176:8080,True,False,True,ZA
202.44.194.244:8080,False,False,False,TH
190.5.237.166:3128,False,False,False,PA
103.136.26.163:8080,False,False,False,ID
124.6.129.129:8080,False,False,False,PH
139.228.90.186:8080,False,False,False,ID
61.91.183.86:8080,False,False,False,TH
185.242.113.156:3128,False,False,True,DE
213.230.69.33:8080,False,False,False,UZ
49.49.60.8:8080,False,False,True,TH
91.245.227.168:3128,False,False,False,RU
69.71.67.149:3128,False,False,False,CA
103.104.132.75:8080,False,False,False,ID
110.232.74.55:8080,True,False,False,ID
118.99.95.49:8080,True,False,False,ID
89.47.120.66:8080,False,False,False,RO
80.89.150.130:8080,True,False,False,RU
177.21.30.189:8080,False,False,False,BR
62.213.14.166:8080,False,False,False,RU
46.52.148.90:8080,False,False,True,RU
45.63.93.114:3128,False,False,True,US
177.141.243.73:8080,False,False,False,BR
139.255.115.139:8080,False,False,False,ID
83.242.123.248:8080,False,False,False,PL
178.217.172.53:8080,False,False,True,KG
187.32.78.187:8080,True,False,False,BR
187.19.102.22:3128,False,False,False,BR
94.25.104.250:8080,False,False,False,RU
35.236.150.162:3128,False,False,True,TW
5.53.17.193:8080,True,False,False,RU
203.81.95.42:8080,False,False,False,MM
77.236.248.237:8080,False,False,False,RU
103.216.48.83:8080,False,False,False,KH
191.252.178.108:3128,False,False,True,BR
185.255.47.109:8080,True,False,False,IQ
202.148.27.60:8080,False,False,False,ID
124.121.92.27:8080,False,False,False,TH
102.68.129.30:8080,True,False,False,LY
103.115.72.250:8080,True,False,False,BD
187.94.221.0:8080,False,False,False,BR
5.16.0.169:8080,False,False,False,RU
125.27.52.25:8080,True,False,True,TH
175.143.93.214:8080,True,False,False,MY
31.14.49.1:8080,False,False,False,RO
103.214.54.90:8080,False,False,False,ID
200.222.137.202:8080,True,False,False,BR
103.138.41.132:8080,False,False,False,ID
178.255.175.222:8080,True,False,True,CZ
201.91.82.155:3128,True,False,False,BR
1.0.210.114:8080,False,False,False,TH
92.255.187.180:3128,False,False,False,RU
34.123.8.141:3128,False,False,False,US
45.71.160.114:8080,False,False,False,BR
123.253.36.99:8080,True,True,False,BD
177.55.207.38:8080,False,False,False,BR
88.255.94.118:8080,True,False,True,TR
1.20.235.100:8080,True,False,True,TH
172.105.236.21:3128,False,False,True,JP
14.63.228.217:80,False,False,False,KR
195.158.223.175:8080,False,False,False,RU
182.253.69.34:8080,False,False,False,ID
43.245.85.164:8080,False,False,False,NP
190.15.198.227:8080,False,False,False,AR
36.90.169.101:8080,True,False,True,ID
103.78.25.98:3128,True,False,False,ID
195.78.93.28:3128,False,False,False,UA
188.120.229.50:3128,False,False,False,RU
45.250.226.48:8080,False,False,False,IN
154.113.69.154:8080,False,False,False,NG
103.106.115.50:3128,False,False,False,ID
102.130.192.73:8080,False,False,False,AO
176.223.60.66:8080,False,False,False,RO
14.207.27.216:8080,True,False,False,TH
183.89.0.18:8080,False,False,False,TH
1.20.217.149:8080,False,False,False,TH
186.248.191.148:3128,True,False,False,BR
182.72.150.242:8080,False,False,True,IN
5.164.201.79:8080,False,False,False,RU
172.104.61.191:8080,False,False,False,SG
36.94.47.106:3128,False,False,False,ID
120.92.118.24:8080,False,False,False,CN
46.36.132.23:8080,True,False,False,KZ
178.252.184.142:8080,False,False,False,IR
81.145.20.214:8080,True,False,False,GB
165.22.213.55:3128,False,False,True,IN
194.87.234.152:3128,True,True,True,CZ
177.223.50.6:8080,False,False,False,BR
80.28.102.26:8080,False,False,False,ES
103.101.17.172:8080,False,False,False,MM
86.123.166.109:8080,False,False,False,RO
202.169.56.11:8080,True,False,True,ID
122.155.165.191:3128,False,False,True,TH
112.78.178.22:8080,False,False,False,ID
185.194.25.77:8080,False,False,False,ES
185.231.155.30:3128,True,False,False,RU
103.124.175.139:8080,False,False,True,IN
81.211.103.66:3128,False,False,False,RU
138.68.44.24:3128,False,False,True,US
103.58.64.1:8080,False,False,True,IN
203.190.12.154:8080,True,False,False,BD
94.75.76.10:8080,True,False,False,PL
181.198.65.147:8080,True,False,True,EC
138.197.106.52:80,False,False,False,US
186.225.157.22:8080,False,False,False,BR
81.23.114.198:8080,False,False,False,RU
114.6.227.28:8080,False,False,False,ID
91.93.156.130:8080,False,False,False,TR
212.129.34.163:3128,False,False,True,FR
104.248.147.196:8080,False,False,True,SG
158.101.144.173:3128,False,False,True,JP
207.74.82.103:3128,False,False,True,US
36.90.135.159:8080,False,False,True,ID
181.211.38.138:8080,True,False,False,EC
201.168.210.123:8080,False,False,False,MX
103.217.216.10:8080,False,False,True,ID
82.147.118.174:8080,False,False,False,RU
135.181.150.136:3128,False,False,True,DE
182.93.82.191:8080,False,False,True,NP
14.207.16.111:8080,True,False,True,TH
194.25.112.249:8080,True,False,False,DE
13.56.168.219:3128,False,False,True,US
117.254.63.93:8080,False,False,False,IN
139.180.142.243:3128,False,False,True,SG
95.47.234.1:8080,False,False,False,RU
180.211.248.222:8080,True,False,False,BD
41.164.243.177:8080,False,False,False,ZA
103.70.145.211:8080,True,False,False,IN
143.110.151.242:3128,False,False,True,US
45.182.41.36:8080,False,False,False,CO
36.94.196.173:8080,False,False,False,ID
46.4.35.210:8080,True,False,False,DE
103.250.69.233:8080,False,False,False,BD
139.162.33.77:8080,True,False,False,SG
45.32.131.8:3128,False,False,False,US
103.255.242.38:8080,False,False,False,ID
202.162.198.93:8080,True,True,False,ID
180.180.170.188:8080,True,False,False,TH
154.72.204.122:8080,False,False,False,UG
103.233.152.140:8080,False,False,False,ID
103.16.133.11:8080,False,False,False,ID
185.36.157.30:8080,True,False,False,RU
183.89.168.20:8080,False,False,False,TH
36.74.228.227:8080,True,False,False,ID
177.38.76.153:8080,False,False,False,BR
189.11.248.162:8080,False,False,False,BR
103.47.66.150:8080,False,False,False,IN
36.37.81.135:8080,False,False,False,ID
187.19.101.62:8080,False,False,False,BR
182.191.240.61:8080,False,False,False,PK
1.179.144.41:8080,False,False,False,TH
124.121.2.169:8080,True,False,True,TH
14.207.60.6:3128,False,False,False,TH
13.92.119.142:80,False,False,False,US
118.67.219.153:8080,False,False,False,BD
185.114.137.14:14,True,True,False,UA
189.61.87.178:8080,True,False,False,BR
189.203.8.179:3128,False,False,False,MX
103.81.77.15:83,False,False,False,IN
54.156.145.160:8080,False,False,False,US
195.208.250.22:3128,False,False,False,RU
116.17.102.83:3128,False,False,False,CN
115.124.73.163:8080,False,False,True,ID
171.101.130.200:8080,False,False,False,TH
185.132.242.46:3128,True,False,False,RU
186.157.242.229:8080,True,False,False,AR
181.44.84.32:3128,False,False,False,AR
139.228.33.223:8080,True,False,True,ID
202.98.216.29:3128,True,False,False,CN
163.53.185.98:8080,False,False,False,ID
47.107.127.226:8080,False,False,False,CN
52.56.100.107:3128,False,False,True,GB
45.150.188.198:8080,True,False,True,RU
190.85.115.78:3128,False,False,False,CO
68.183.144.198:8080,False,False,True,US
124.105.197.141:8080,False,False,False,PH
186.118.169.85:8080,False,False,False,CO
185.200.37.106:8080,True,False,False,TR
103.7.27.186:8080,True,False,False,KH
94.69.10.20:3128,False,False,False,GR
186.0.176.147:8080,False,False,False,AR
41.207.251.198:8080,False,False,False,NG
195.82.113.188:8080,False,False,True,ES
85.234.38.166:3128,False,False,False,RU
187.243.240.54:8080,False,False,False,MX
189.187.64.187:8080,False,False,False,MX
89.40.48.186:8080,False,False,False,KZ
45.119.83.40:3128,False,False,False,VN
78.46.55.126:3128,False,False,False,DE
186.195.90.16:8080,False,False,False,BR
167.71.238.159:80,False,False,False,IN
118.70.67.161:8080,True,False,False,VN
105.112.135.25:8080,False,False,False,NG
167.179.112.141:3128,True,False,True,JP
174.138.0.99:80,False,False,True,NL
109.244.97.210:3128,True,False,True,CN
92.113.171.215:3128,False,False,True,UA
110.232.86.52:53281,False,False,False,ID
103.121.149.46:8080,False,False,False,ID
118.101.223.170:8080,False,False,False,MY
94.177.215.6:3128,False,False,True,IT
81.17.30.7:3128,False,False,True,CH
183.88.16.67:8080,True,False,False,TH
78.109.235.22:8080,False,False,False,IQ
139.255.58.94:8080,False,False,False,ID
96.9.77.71:8080,True,True,False,KH
49.49.196.246:8080,True,False,True,TH
61.7.147.59:8080,False,False,False,TH
157.119.57.106:3128,False,False,True,ID
104.199.48.219:8080,False,False,True,BE
36.91.128.66:8080,False,False,False,ID
142.93.112.222:3128,False,False,False,US
157.119.207.36:6666,False,False,False,IN
13.85.56.176:8080,True,False,True,US
203.190.2.181:8080,False,False,False,BD
143.55.38.198:8080,False,False,False,US
113.100.209.145:3128,False,False,False,CN
80.87.213.111:8080,True,False,True,SK
103.47.64.85:8080,True,False,True,IN
27.147.210.35:8080,False,False,False,BD
45.77.23.63:3128,True,False,True,JP
103.93.106.81:8080,False,False,False,IN
37.77.128.162:8080,False,False,False,RU
142.93.116.161:3128,False,False,False,US
194.44.52.225:8080,True,False,True,UA
195.123.247.22:3128,False,False,False,CZ
103.142.110.8:8080,False,False,False,ID
200.206.92.158:8080,False,False,False,BR
139.192.100.166:8080,False,False,False,ID
183.82.99.126:3128,False,False,False,IN
82.137.244.74:8080,True,False,False,SY
185.15.108.37:8080,True,False,False,CZ
195.239.187.14:8080,False,False,True,RU
183.89.151.108:8080,False,False,False,TH
103.152.5.70:8080,True,True,False,ID
188.186.180.135:8080,True,False,False,RU
103.250.153.242:31382,True,True,False,IN
181.143.227.123:8080,False,False,False,CO
176.235.182.79:8080,False,False,False,TR
149.28.20.139:3128,True,False,True,JP
105.234.155.230:8080,False,False,False,MW
39.109.123.188:3128,False,False,True,HK
95.179.190.86:3128,False,False,True,US
169.239.237.8:8080,False,False,False,NG
162.248.164.72:8080,False,False,False,CA
103.87.48.57:8080,False,False,False,IN
139.255.123.188:8080,False,False,False,ID
194.87.103.190:3128,False,False,True,CZ
197.221.158.186:8080,True,False,True,UG
197.149.186.178:8080,True,False,False,CD
78.110.2.90:8080,True,True,False,SA
186.167.67.37:8080,True,False,False,VE
176.67.54.231:8080,False,False,False,RU
157.100.53.238:8080,True,False,False,EC
36.91.169.41:8080,True,False,False,ID
183.88.184.174:8080,True,False,False,TH
202.143.120.27:8080,True,False,False,PK
Free,False,False,False,open
